{
    "sb": {
        "0.5": [
            0.44306513071060183,
            0.024207305389646525,
            0.8714929561035527
        ],
        "1.0": [
            0.49464261531829834,
            0.027997553300576933,
            1.6764590251789573
        ],
        "2.0": [
            1.0506351709365844,
            0.052338568858710424,
            2.9379018856019514
        ],
        "3.0": [
            1.1801976781142385,
            0.052670868761786484,
            3.6678508097535687
        ],
        "5.0": [
            1.045836607615153,
            0.05343169156919445,
            2.095615215508627
        ],
        "8.0": [
            0.5443156957626343,
            0.0388697425001546,
            3.456426621016501
        ]
    },
    "cbc": {
        "0.5": [
            0.3700172185897827,
            0.02999079534011313,
            0.8731563195843595
        ],
        "1.0": [
            0.4342664837837219,
            0.052473705008598895,
            1.657126696841518
        ],
        "2.0": [
            0.6014607906341553,
            0.06745318442326055,
            3.0046189623776836
        ],
        "3.0": [
            0.7531101703643799,
            0.08795044960977229,
            3.933289898981137
        ],
        "5.0": [
            1.0513502955436707,
            0.11120934638715803,
            4.607034895924695
        ],
        "8.0": [
            0.7576415061950683,
            0.08064145461594778,
            5.9789376750902425
        ]
    },
    "cbp": {
        "0.5": [
            0.3192452549934387,
            0.029770038280528245,
            0.8733103065967336
        ],
        "1.0": [
            0.43612083196640017,
            0.05284138338399687,
            1.6866466594632155
        ],
        "2.0": [
            0.60026615858078,
            0.0722694228562367,
            2.994103848968474
        ],
        "3.0": [
            0.7059666752815247,
            0.09011442984474152,
            3.5973727016682355
        ],
        "5.0": [
            0.7147093057632447,
            0.08881656725073665,
            5.2084039466508845
        ],
        "8.0": [
            1.1029184818267823,
            0.1150606060197306,
            4.732721866507085
        ]
    }
}